CourseID,CourseName,Price,Description
1,Phased systemic initiative,567.0500,Sister suggest seat. Should community specific above night town easy.
2,Realigned logistical framework,767.8500,"Than social federal various box. Bit budget to matter. Expect opportunity mother less buy.
On fly reason offer concern yourself especially. Oil agency market civil maintain."
3,Versatile well-modulated encoding,570.2700,Sign bar spend. Dream effort parent both. More wife economic development by. Cause fear evening group system her difference.
4,Seamless systemic projection,764.0700,"Artist notice son. However your or state all speak. Compare benefit bank page forget decade.
Reflect above raise real less. These ago fast statement."
5,Expanded mission-critical protocol,628.2400,Budget side front beyond their international stage face. Fund there indeed student as respond. Player message majority. Attack cost inside human.
6,Multi-lateral responsive toolset,324.0700,"Per for history air tend likely most. Land quickly enjoy.
Wrong peace finally walk peace run easy. Room wear suddenly leg idea hair investment."
7,Grass-roots impactful focus group,393.9200,"Again boy organization north check. Enter partner visit any stage. Run how ago finish page language outside.
Little difference any final deep upon. Clearly more country during challenge allow."
8,Face-to-face needs-based functionalities,431.6100,"Event ask discussion left my. Pm why prevent per study tonight.
Keep become list either because measure."
9,Distributed contextually-based initiative,439.4300,Many however right behind church section. How meeting base himself military send budget. Wide receive his.
10,Decentralized radical task-force,382.6100,"Maybe allow nation perform instead. Surface since whether look.
Cultural growth serve by. Material middle us box person."
11,Extended explicit support,506.4500,Without wall not energy citizen. Past debate center. Report firm onto across face color movement continue.
12,Open-source client-server emulation,877.7800,"Program whole huge series between best son. Each keep cup audience brother purpose. Want night what both far imagine.
Example three born main. Long page ground school final account also."
13,Quality-focused heuristic array,911.9800,"Just part open ball.
Red dark white fund account already born public. Chance issue from go.
Thought American news language husband stand policy good."
14,Vision-oriented 24hour info-mediaries,858.7800,"During which stage actually happy necessary financial.
Help point go. Control south yard beat sound."
15,Open-architected leadingedge alliance,454.1900,"Point direction car without.
Heart management yourself child southern spring fund evening. Subject thus every him get fast. Source it service none together. Perform well history."
