TranslatorID,FirstName,LastName,Email,PhoneNumber
1,Maks,Karyś,yzadka@example.com,+48140947190
2,Mariusz,Broniek,karolzarzeczna@example.net,+48571616432
3,Aniela,Ułanowicz,aleks91@example.net,+48100551678
4,Józef,Mueller,kazimierzrejmak@example.org,+48720197520
5,Damian,Wódka,kosznikjozef@example.org,+48818267654
6,Alan,Kręcisz,agnieszkalemiesz@example.net,+48787706246
7,Mikołaj,Cherek,xgadzina@example.com,+48582551710
8,Sara,Dietrich,mazanmaurycy@example.org,+48118825658
9,Jędrzej,Balik,maciolfryderyk@example.net,+48662678057
10,Ernest,Siedlarz,tobiasz96@example.org,+48319678840
11,Leon,Potok,ftomzik@example.com,+48527206293
12,Szymon,Litewka,sfurgal@example.net,+48256640613
13,Ksawery,Ścieszka,brusnak@example.com,+48186331079
14,Olga,Gabrych,symonowiczkornel@example.net,+48725568279
15,Emil,Burnat,jedrzejekanastazja@example.net,+48212635867
16,Tiffany,Graham,frankmary@example.net,+69492478808
17,Samantha,Torres,graykathryn@example.org,+97900667874
18,Patricia,Gaines,amandaortiz@example.com,+14623814333
19,Zoe,Hernandez,donaldclark@example.org,+54718816850
20,Nancy,Webster,zstark@example.com,+54500687224
21,Jennifer,Turner,natkins@example.org,+48286644497
22,Mark,Allen,omarshall@example.com,+98627513756
23,Gina,Sandoval,nmunoz@example.org,+96901209904
24,Michael,Meyer,christopherfitzpatrick@example.org,+84513841277
25,Cassandra,Fuentes,wilsonvictoria@example.com,+35784912748
26,Samantha,Ramirez,george85@example.com,+47688792665
27,Nathaniel,Baker,pachecojeremy@example.com,+35326270415
28,Kimberly,Delgado,gmartinez@example.org,+34177026505
29,Tracy,Goodman,sjohnson@example.com,+75145991198
30,Dwayne,Gibson,uwright@example.org,+26449133380
